txId1,txId2
synthetic_tx_0000,synthetic_tx_0001
synthetic_tx_0001,synthetic_tx_0002
synthetic_tx_0002,synthetic_tx_0003
synthetic_tx_0003,synthetic_tx_0004
synthetic_tx_0004,synthetic_tx_0005
synthetic_tx_0005,synthetic_tx_0006
synthetic_tx_0006,synthetic_tx_0007
synthetic_tx_0007,synthetic_tx_0008
synthetic_tx_0008,synthetic_tx_0009
synthetic_tx_0009,synthetic_tx_0010
synthetic_tx_0010,synthetic_tx_0011
synthetic_tx_0011,synthetic_tx_0012
synthetic_tx_0012,synthetic_tx_0013
synthetic_tx_0013,synthetic_tx_0014
synthetic_tx_0014,synthetic_tx_0015
synthetic_tx_0005,synthetic_tx_0015
synthetic_tx_0014,synthetic_tx_0000
synthetic_tx_0005,synthetic_tx_0008
synthetic_tx_0015,synthetic_tx_0008
synthetic_tx_0012,synthetic_tx_0002
synthetic_tx_0003,synthetic_tx_0013
synthetic_tx_0014,synthetic_tx_0012
synthetic_tx_0001,synthetic_tx_0007
synthetic_tx_0013,synthetic_tx_0015
synthetic_tx_0009,synthetic_tx_0013
synthetic_tx_0000,synthetic_tx_0001
synthetic_tx_0003,synthetic_tx_0007
synthetic_tx_0004,synthetic_tx_0006
